{
    "auxiliary_fan": "1",
    "bbl_calib_mark_logo": "0",
    "bed_custom_model": "/Users/cyril/Desktop/Imprimantes/Logiciels/OrcaSlicer/Creality K1 Max/Textures/Buildplate.stl",
    "bed_custom_texture": "/Users/cyril/Desktop/Imprimantes/Logiciels/OrcaSlicer/Creality K1 Max/Textures/Texture.png",
    "bed_exclude_area": [
        "0x0"
    ],
    "before_layer_change_gcode": ";BEFORE_LAYER_CHANGE\n;[layer_z]\nG92 E0",
    "change_filament_gcode": "PAUSE",
    "default_filament_profile": [
        "My Generic PLA"
    ],
    "default_print_profile": "0.20mm Standard @MyKlipper",
    "deretraction_speed": [
        "40"
    ],
    "extruder_clearance_height_to_lid": "101",
    "extruder_clearance_height_to_rod": "45",
    "extruder_clearance_radius": "45",
    "extruder_colour": [
        "#FCE94F"
    ],
    "extruder_offset": [
        "0x0"
    ],
    "fan_kickstart": "0",
    "fan_speedup_overhangs": "1",
    "fan_speedup_time": "0",
    "from": "",
    "gcode_flavor": "klipper",
    "host_type": "octoprint",
    "inherits": "MyKlipper 0.4 nozzle",
    "layer_change_gcode": "SET_PRINT_STATS_INFO CURRENT_LAYER={layer_num + 1}\n;AFTER_LAYER_CHANGE\n;[layer_z]",
    "machine_end_gcode": "END_PRINT",
    "machine_load_filament_time": "0",
    "machine_max_acceleration_e": [
        "5000",
        "5000"
    ],
    "machine_max_acceleration_extruding": [
        "20000",
        "500"
    ],
    "machine_max_acceleration_retracting": [
        "1000",
        "1000"
    ],
    "machine_max_acceleration_travel": [
        "500",
        "500"
    ],
    "machine_max_acceleration_x": [
        "20000",
        "500"
    ],
    "machine_max_acceleration_y": [
        "20000",
        "500"
    ],
    "machine_max_acceleration_z": [
        "300",
        "100"
    ],
    "machine_max_jerk_e": [
        "2.5",
        "5"
    ],
    "machine_max_jerk_x": [
        "9",
        "8"
    ],
    "machine_max_jerk_y": [
        "9",
        "8"
    ],
    "machine_max_jerk_z": [
        "2",
        "0.4"
    ],
    "machine_max_speed_e": [
        "100",
        "25"
    ],
    "machine_max_speed_x": [
        "800",
        "200"
    ],
    "machine_max_speed_y": [
        "800",
        "200"
    ],
    "machine_max_speed_z": [
        "50",
        "12"
    ],
    "machine_min_extruding_rate": [
        "0",
        "0"
    ],
    "machine_min_travel_rate": [
        "0",
        "0"
    ],
    "machine_pause_gcode": "PAUSE",
    "machine_start_gcode": "SET_PRINT_STATS_INFO TOTAL_LAYER=[total_layer_count]\nM140 S0\nM104 S0\nSTART_PRINT EXTRUDER_TEMP=[nozzle_temperature_initial_layer] BED_TEMP=[bed_temperature_initial_layer_single]\n; generated by SuperSlicer 1.5.0 on 2023-04-21 at 13:13:47",
    "machine_unload_filament_time": "0",
    "max_layer_height": [
        "0.32"
    ],
    "min_layer_height": [
        "0.08"
    ],
    "name": "Creality K1 Max - 0.4 nozzle",
    "nozzle_diameter": [
        "0.4"
    ],
    "nozzle_hrc": "0",
    "nozzle_type": "undefine",
    "nozzle_volume": "0",
    "print_host": "",
    "print_host_webui": "",
    "printable_area": [
        "0x0",
        "300x0",
        "300x300",
        "0x300"
    ],
    "printable_height": "300",
    "printer_model": "Generic Klipper Printer",
    "printer_settings_id": "Creality K1 Max - 0.4 nozzle",
    "printer_technology": "FFF",
    "printer_variant": "0.4",
    "printhost_apikey": "",
    "printhost_authorization_type": "key",
    "printhost_cafile": "",
    "printhost_password": "",
    "printhost_port": "",
    "printhost_ssl_ignore_revoke": "0",
    "printhost_user": "",
    "retract_before_wipe": [
        "70%"
    ],
    "retract_length_toolchange": [
        "2"
    ],
    "retract_restart_extra": [
        "0"
    ],
    "retract_restart_extra_toolchange": [
        "0"
    ],
    "retract_when_changing_layer": [
        "1"
    ],
    "retraction_length": [
        "0.5"
    ],
    "retraction_minimum_travel": [
        "1"
    ],
    "retraction_speed": [
        "40"
    ],
    "scan_first_layer": "0",
    "silent_mode": "0",
    "single_extruder_multi_material": "0",
    "template_custom_gcode": "",
    "thumbnails": [
        "100x100",
        "320x320"
    ],
    "upward_compatible_machine": [],
    "use_firmware_retraction": "0",
    "use_relative_e_distances": "1",
    "version": "1.6.0.0",
    "wipe": [
        "1"
    ],
    "wipe_distance": [
        "1"
    ],
    "z_hop": [
        "0.4"
    ],
    "z_hop_types": [
        "Normal Lift"
    ]
}
